Call Volume,Severity 1 Response Time,Severity 2 Response Time,Severity 3 Response Time,Severity 4 Response Time,Severity 5 Response Time,Severity 6 Response Time,Severity 7 Response Time
Severity 1,0.2688558899550481,0.08966734650397916,0.08585497330877223,0.14029841704322235,0.13709655713442884,0.14282691005471732,0.1629934737988051
Severity 2,0.18325332150090795,0.19370782639333706,0.1736748905087178,0.3555587365769791,0.35867334050246713,0.3601567537488642,0.41262209247233267
Severity 3,0.17102996419589261,0.17244371935674613,0.18064861515438957,0.3459100053446632,0.3474415424494478,0.34214628516525747,0.41558904325190865
Severity 4,0.08252844710484554,0.09879664118788162,0.10067935439289578,0.23601412106422032,0.2252394366586958,0.21240643526262792,0.27009818680642794
Severity 5,0.14845779812829088,0.1523004203189879,0.14449264894319544,0.364579997396545,0.3876856622610509,0.36964972951391173,0.44332315897130875
Severity 6,0.07551770693367017,0.0780300712575271,0.08295402114863248,0.1996570454522165,0.2029921167070403,0.21300686138417319,0.2810494650100919
Severity 7,0.1381105522092351,0.12465922267728492,0.1181289405158395,0.2139378716277093,0.20371320293519168,0.20290568104987142,0.2908488592972266
