Per Added Call of Severity,Sev 1 Resp Time Increase (sec),Sev 2 Resp Time Increase (sec),Sev 3 Resp Time Increase (sec),Sev 4 Resp Time Increase (sec),Sev 5 Resp Time Increase (sec),Sev 6 Resp Time Increase (sec),Sev 7 Resp Time Increase (sec)
Severity 1,35.56981166054422,10.207212804751963,12.039456926087945,43.93394460963857,60.33770782993346,92.75273873550906,119.55712607617957
Severity 2,3.4608222165082734,3.403339282751435,3.759006552498948,17.184690054830092,24.362974816150114,36.09900487873163,46.773777344320536
Severity 3,3.9017087394806773,3.6822699813911632,4.753024295350602,20.319288415932462,28.683453075870755,41.67999690724771,57.242642980616594
Severity 4,1.4461405488272567,1.6015828094396811,2.0106783366830254,10.525015648098769,14.116548262387852,19.643560839013826,28.257614873773406
Severity 5,2.9695597304123575,2.8427018455049478,3.322485814378307,18.71950588547026,27.976044624085624,39.36091269609855,53.40397006474244
Severity 6,1.7192566658164152,1.6622932878099508,2.177061906169982,11.70055040804735,16.718649607778183,25.88748408673658,38.621827799699574
Severity 7,3.5594137564862245,3.03600833159649,3.5442014217017648,14.333188683429556,19.181529206065466,28.19136741269882,45.77171326537733
